Date,Driving Flows
2015-01-05,4525.0
2015-01-06,4952.0
2015-01-07,5006.0
2015-01-08,5105.0
2015-01-09,5181.0
2015-01-12,4846.0
2015-01-13,4327.0
2015-01-14,4615.0
2015-01-15,3456.0
2015-01-16,4625.0
2015-01-19,4086.0
2015-01-20,4217.0
2015-01-21,4855.0
2015-01-22,3898.0
2015-01-23,5339.0
2015-01-26,4254.0
2015-01-27,4594.0
2015-01-28,4352.0
2015-01-29,4534.0
2015-01-30,5161.0
2015-02-02,4974.0
2015-02-03,4918.0
2015-02-04,3930.0
2015-02-05,3388.0
2015-02-06,4707.0
2015-02-09,4800.0
2015-02-10,4626.0
2015-02-11,4282.0
2015-02-12,4924.0
2015-02-13,5248.0
2015-02-16,4741.0
2015-02-17,4590.0
2015-02-18,4559.0
2015-02-19,4450.0
2015-02-20,5175.0
2015-02-23,4132.0
2015-02-24,4119.0
2015-02-25,4684.0
2015-02-26,4877.0
2015-02-27,5038.0
2015-03-02,4580.0
2015-03-03,4653.0
2015-03-04,4628.0
2015-03-05,4712.0
2015-03-06,5106.0
2015-03-09,4290.0
2015-03-10,4585.0
2015-03-11,4147.0
2015-03-12,4379.0
2015-03-13,5202.0
2015-03-16,4757.0
2015-03-17,4481.0
2015-03-18,4621.0
2015-03-19,4597.0
2015-03-20,4898.0
2015-03-23,4520.0
2015-03-24,4171.0
2015-03-25,4659.0
2015-03-26,4667.0
2015-03-27,5064.0
2015-03-30,4990.0
2015-03-31,5242.0
2015-04-01,3406.0
2015-04-02,4987.0
2015-04-03,5055.0
2015-04-06,4678.0
2015-04-07,4362.0
2015-04-08,4730.0
2015-04-09,4876.0
2015-04-10,4657.0
2015-04-13,4398.0
2015-04-14,4644.0
2015-04-15,4764.0
2015-04-16,4449.0
2015-04-17,5342.0
2015-04-20,3831.0
2015-04-21,4510.0
2015-04-22,4559.0
2015-04-23,5095.0
2015-04-24,4560.0
2015-04-27,4744.0
2015-04-28,4415.0
2015-04-29,4131.0
2015-04-30,3582.0
2015-05-01,5109.0
2015-05-04,4627.0
2015-05-05,4848.0
2015-05-06,4819.0
2015-05-07,3787.0
2015-05-08,5040.0
2015-05-11,5307.0
2015-05-12,4400.0
2015-05-13,4973.0
2015-05-14,5157.0
2015-05-15,5004.0
2015-05-18,4833.0
2015-05-19,3818.0
2015-05-20,4633.0
2015-05-21,4493.0
2015-05-22,5305.0
2015-05-25,2881.0
2015-05-26,3985.0
2015-05-27,4714.0
2015-05-28,4896.0
2015-05-29,5105.0
2015-06-01,4230.0
2015-06-02,4582.0
2015-06-03,4940.0
2015-06-04,4528.0
2015-06-05,5037.0
2015-06-08,4924.0
2015-06-09,4756.0
2015-06-10,3641.0
2015-06-11,5028.0
2015-06-12,5144.0
2015-06-15,4925.0
2015-06-16,5067.0
2015-06-17,4961.0
2015-06-18,5145.0
2015-06-19,5231.0
2015-06-22,5071.0
2015-06-23,5299.0
2015-06-24,4862.0
2015-06-25,4847.0
2015-06-26,5344.0
2015-06-29,4879.0
2015-06-30,4178.0
2015-07-01,3887.0
2015-07-02,5153.0
2015-07-03,3082.0
2015-07-06,4764.0
2015-07-07,4992.0
2015-07-08,4340.0
2015-07-09,4567.0
2015-07-10,4325.0
2015-07-13,4720.0
2015-07-14,4642.0
2015-07-15,5150.0
2015-07-16,4596.0
2015-07-17,4895.0
2015-07-20,4512.0
2015-07-21,4694.0
2015-07-22,4381.0
2015-07-23,5077.0
2015-07-24,4440.0
2015-07-27,5032.0
2015-07-28,5410.0
2015-07-29,5072.0
2015-07-30,5268.0
2015-07-31,5382.0
2015-08-03,5087.0
2015-08-04,4931.0
2015-08-05,5289.0
2015-08-06,5302.0
2015-08-07,5653.0
2015-08-10,5300.0
2015-08-11,4340.0
2015-08-12,3425.0
2015-08-13,5288.0
2015-08-14,5435.0
2015-08-17,5046.0
2015-08-18,4920.0
2015-08-19,4609.0
2015-08-20,4346.0
2015-08-21,5451.0
2015-08-24,5009.0
2015-08-25,5190.0
2015-08-26,4665.0
2015-08-27,4756.0
2015-08-28,5365.0
2015-08-31,3995.0
2015-09-01,5023.0
2015-09-02,4607.0
2015-09-03,4412.0
2015-09-04,4721.0
2015-09-07,2811.0
2015-09-08,3459.0
2015-09-09,4634.0
2015-09-10,4860.0
2015-09-11,4924.0
2015-09-14,4588.0
2015-09-15,4863.0
2015-09-16,4371.0
2015-09-17,4177.0
2015-09-18,4674.0
2015-09-21,3913.0
2015-09-22,4421.0
2015-09-23,3835.0
2015-09-24,4604.0
2015-09-25,4737.0
2015-09-28,3904.0
2015-09-29,4195.0
2015-09-30,4260.0
2015-10-01,3847.0
2015-10-02,4520.0
2015-10-05,4198.0
2015-10-06,3792.0
2015-10-07,3954.0
2015-10-08,3458.0
2015-10-09,4079.0
2015-10-12,4136.0
2015-10-13,3817.0
2015-10-14,3925.0
2015-10-15,4202.0
2015-10-16,4975.0
2015-10-19,4048.0
2015-10-20,3988.0
2015-10-21,4102.0
2015-10-22,4356.0
2015-10-23,2852.0
2015-10-26,3988.0
2015-10-27,4212.0
2015-10-28,3791.0
2015-10-29,4460.0
2015-10-30,3618.0
2015-11-02,3700.0
2015-11-03,4221.0
2015-11-04,3885.0
2015-11-05,3947.0
2015-11-06,4284.0
2015-11-09,2365.0
2015-11-10,4123.0
2015-11-11,4479.0
2015-11-12,4053.0
2015-11-13,4430.0
2015-11-16,4439.0
2015-11-17,4119.0
2015-11-18,4353.0
2015-11-19,4075.0
2015-11-20,4177.0
2015-11-23,4286.0
2015-11-24,4422.0
2015-11-25,4644.0
2015-11-26,2002.0
2015-11-27,2969.0
2015-11-30,4578.0
2015-12-01,3848.0
2015-12-02,3961.0
2015-12-03,4329.0
2015-12-04,4172.0
2015-12-07,4118.0
2015-12-08,4032.0
2015-12-09,4255.0
2015-12-10,3848.0
2015-12-11,4030.0
2015-12-14,4344.0
2015-12-15,4219.0
2015-12-16,3442.0
2015-12-17,3801.0
2015-12-18,3002.0
2015-12-21,4429.0
2015-12-22,4060.0
2015-12-23,4400.0
2015-12-24,3281.0
2015-12-25,1458.0
2015-12-28,3876.0
2015-12-29,4390.0
2015-12-30,4509.0
2015-12-31,3800.0
2016-01-01,1847.0
2016-01-04,3918.0
2016-01-05,4177.0
2016-01-06,3009.0
2016-01-07,4389.0
2016-01-08,4579.0
2016-01-11,4014.0
2016-01-12,4590.0
2016-01-13,4487.0
2016-01-14,4661.0
2016-01-15,4806.0
2016-01-18,3958.0
2016-01-19,3568.0
2016-01-20,4615.0
2016-01-21,3967.0
2016-01-22,3750.0
2016-01-25,4144.0
2016-01-26,4623.0
2016-01-27,4263.0
2016-01-28,3921.0
2016-01-29,4124.0
2016-02-01,3170.0
2016-02-02,3684.0
2016-02-03,4355.0
2016-02-04,4450.0
2016-02-05,4291.0
2016-02-08,4606.0
2016-02-09,3937.0
2016-02-10,3990.0
2016-02-11,4429.0
2016-02-12,4661.0
2016-02-15,3969.0
2016-02-16,3935.0
2016-02-17,4338.0
2016-02-18,4589.0
2016-02-19,4802.0
2016-02-22,3958.0
2016-02-23,3917.0
2016-02-24,4555.0
2016-02-25,4579.0
2016-02-26,4868.0
2016-02-29,4009.0
2016-03-01,4108.0
2016-03-02,3991.0
2016-03-03,4254.0
2016-03-04,4271.0
2016-03-07,4362.0
2016-03-08,4176.0
2016-03-09,3738.0
2016-03-10,4203.0
2016-03-11,3556.0
2016-03-14,3367.0
2016-03-15,4027.0
2016-03-16,3870.0
2016-03-17,3859.0
2016-03-18,3898.0
2016-03-21,4018.0
2016-03-22,0.0
2016-03-23,4013.0
2016-03-24,3438.0
2016-03-25,4830.0
2016-03-28,4537.0
2016-03-29,4531.0
2016-03-30,4776.0
2016-03-31,4927.0
2016-04-01,4868.0
2016-04-04,4001.0
2016-04-05,3968.0
2016-04-06,4022.0
2016-04-07,4079.0
2016-04-08,4741.0
2016-04-11,4476.0
2016-04-12,4445.0
2016-04-13,4492.0
2016-04-14,4679.0
2016-04-15,3987.0
2016-04-18,4381.0
2016-04-19,4463.0
2016-04-20,4184.0
2016-04-21,4164.0
2016-04-22,4246.0
2016-04-25,3864.0
2016-04-26,4092.0
2016-04-27,4188.0
2016-04-28,3342.0
2016-04-29,4807.0
2016-05-02,4294.0
2016-05-03,4150.0
2016-05-04,4534.0
2016-05-05,4102.0
2016-05-06,4758.0
2016-05-09,4605.0
2016-05-10,4715.0
2016-05-11,4832.0
2016-05-12,4538.0
2016-05-13,5102.0
2016-05-16,4707.0
2016-05-17,4087.0
2016-05-18,4490.0
2016-05-19,3806.0
2016-05-20,3796.0
2016-05-23,4585.0
2016-05-24,4581.0
2016-05-25,3840.0
2016-05-26,4101.0
2016-05-27,5077.0
2016-05-30,3136.0
2016-05-31,4661.0
2016-06-01,4649.0
2016-06-02,4538.0
2016-06-03,4319.0
2016-06-06,4505.0
2016-06-07,4005.0
2016-06-08,4391.0
2016-06-09,4552.0
2016-06-10,4562.0
2016-06-13,4138.0
2016-06-14,3948.0
2016-06-15,4648.0
2016-06-16,4810.0
2016-06-17,5192.0
2016-06-20,4225.0
2016-06-21,4534.0
2016-06-22,4883.0
2016-06-23,4449.0
2016-06-24,5022.0
2016-06-27,4166.0
2016-06-28,4603.0
2016-06-29,4346.0
2016-06-30,4969.0
2016-07-01,5232.0
2016-07-04,2238.0
2016-07-05,4630.0
2016-07-06,5078.0
2016-07-07,5163.0
2016-07-08,5240.0
2016-07-11,4976.0
2016-07-12,5202.0
2016-07-13,5065.0
2016-07-14,4173.0
2016-07-15,5321.0
2016-07-18,4775.0
2016-07-19,4515.0
2016-07-20,4726.0
2016-07-21,4510.0
2016-07-22,5202.0
2016-07-25,4929.0
2016-07-26,4589.0
2016-07-27,4802.0
2016-07-28,4879.0
2016-07-29,5360.0
2016-08-01,4419.0
2016-08-02,4567.0
2016-08-03,4110.0
2016-08-04,4919.0
2016-08-05,5321.0
2016-08-08,4849.0
2016-08-09,5259.0
2016-08-10,4899.0
2016-08-11,4516.0
2016-08-12,4918.0
2016-08-15,4344.0
2016-08-16,4313.0
2016-08-17,4692.0
2016-08-18,4790.0
2016-08-19,4953.0
2016-08-22,4708.0
2016-08-23,4509.0
2016-08-24,4490.0
2016-08-25,4249.0
2016-08-26,4920.0
2016-08-29,4739.0
2016-08-30,4124.0
2016-08-31,3661.0
2016-09-01,4206.0
2016-09-02,5033.0
2016-09-05,3220.0
2016-09-06,4764.0
2016-09-07,3674.0
2016-09-08,3910.0
2016-09-09,4429.0
2016-09-12,4482.0
2016-09-13,3886.0
2016-09-14,3883.0
2016-09-15,4611.0
2016-09-16,4798.0
2016-09-19,3697.0
2016-09-20,3779.0
2016-09-21,4309.0
2016-09-22,4027.0
2016-09-23,4199.0
2016-09-26,4226.0
2016-09-27,3806.0
2016-09-28,3928.0
2016-09-29,3290.0
2016-09-30,4128.0
2016-10-03,4391.0
2016-10-04,3757.0
2016-10-05,3751.0
2016-10-06,3666.0
2016-10-07,4433.0
2016-10-10,4762.0
2016-10-11,3971.0
2016-10-12,4132.0
2016-10-13,4081.0
2016-10-14,4385.0
2016-10-17,4172.0
2016-10-18,4024.0
2016-10-19,3092.0
2016-10-20,3014.0
2016-10-21,3118.0
2016-10-24,3891.0
2016-10-25,3360.0
2016-10-26,3979.0
2016-10-27,3796.0
2016-10-28,3122.0
2016-10-31,4009.0
2016-11-01,2670.0
2016-11-02,3820.0
2016-11-03,3839.0
2016-11-04,4109.0
2016-11-07,3775.0
2016-11-08,3651.0
2016-11-09,3942.0
2016-11-10,4105.0
2016-11-11,4563.0
2016-11-14,3886.0
2016-11-15,3216.0
2016-11-16,4046.0
2016-11-17,3702.0
2016-11-18,4064.0
2016-11-21,3696.0
2016-11-22,2903.0
2016-11-23,3933.0
2016-11-24,2060.0
2016-11-25,2945.0
2016-11-28,3416.0
2016-11-29,3226.0
2016-11-30,4181.0
2016-12-01,3439.0
2016-12-02,4198.0
2016-12-05,4382.0
2016-12-06,3733.0
2016-12-07,4289.0
2016-12-08,3162.0
2016-12-09,4284.0
2016-12-12,3376.0
2016-12-13,3463.0
2016-12-14,4129.0
2016-12-15,3562.0
2016-12-16,3961.0
2016-12-19,4252.0
2016-12-20,4472.0
2016-12-21,4528.0
2016-12-22,0.0
2016-12-23,0.0
2016-12-26,0.0
2016-12-27,0.0
2016-12-28,0.0
2016-12-29,0.0
2016-12-30,0.0
2017-01-02,4124.0
2017-01-03,3956.0
2017-01-04,4195.0
2017-01-05,4302.0
2017-01-06,4239.0
2017-01-09,4180.0
2017-01-10,3809.0
2017-01-11,4248.0
2017-01-12,3608.0
2017-01-13,4042.0
2017-01-16,3851.0
2017-01-17,4379.0
2017-01-18,2996.0
2017-01-19,3877.0
2017-01-20,3507.0
2017-01-23,3761.0
2017-01-24,4068.0
2017-01-25,4103.0
2017-01-26,4065.0
2017-01-27,4560.0
2017-01-30,3875.0
2017-01-31,4390.0
2017-02-01,4105.0
2017-02-02,3309.0
2017-02-03,4287.0
2017-02-06,4094.0
2017-02-07,3141.0
2017-02-08,3829.0
2017-02-09,3423.0
2017-02-10,4157.0
2017-02-13,4402.0
2017-02-14,3219.0
2017-02-15,4061.0
2017-02-16,3612.0
2017-02-17,3339.0
2017-02-20,4119.0
2017-02-21,3760.0
2017-02-22,4055.0
2017-02-23,3972.0
2017-02-24,4380.0
2017-02-27,4150.0
2017-02-28,4240.0
2017-03-01,4387.0
2017-03-02,4094.0
2017-03-03,4772.0
2017-03-06,4082.0
2017-03-07,3984.0
2017-03-08,4001.0
2017-03-09,4185.0
2017-03-10,4466.0
2017-03-13,4049.0
2017-03-14,4202.0
2017-03-15,4126.0
2017-03-16,3723.0
2017-03-17,4505.0
2017-03-20,4400.0
2017-03-21,3648.0
2017-03-22,4014.0
2017-03-23,4141.0
2017-03-24,3691.0
2017-03-27,4303.0
2017-03-28,4307.0
2017-03-29,4249.0
2017-03-30,3608.0
2017-03-31,4642.0
2017-04-03,4350.0
2017-04-04,4816.0
2017-04-05,4147.0
2017-04-06,3953.0
2017-04-07,5649.0
2017-04-10,4050.0
2017-04-11,4418.0
2017-04-12,3878.0
2017-04-13,4310.0
2017-04-14,4846.0
2017-04-17,3742.0
2017-04-18,3842.0
2017-04-19,4112.0
2017-04-20,3657.0
2017-04-21,4316.0
2017-04-24,3792.0
2017-04-25,3838.0
2017-04-26,3590.0
2017-04-27,3735.0
2017-04-28,4687.0
2017-05-01,3814.0
2017-05-02,4230.0
2017-05-03,4051.0
2017-05-04,3747.0
2017-05-05,4800.0
2017-05-08,3880.0
2017-05-09,4035.0
2017-05-10,3847.0
2017-05-11,4240.0
2017-05-12,4351.0
2017-05-15,2870.0
2017-05-16,3589.0
2017-05-17,3914.0
2017-05-18,4134.0
2017-05-19,3986.0
2017-05-22,4379.0
2017-05-23,4155.0
2017-05-24,4286.0
2017-05-25,4199.0
2017-05-26,5042.0
2017-05-29,3003.0
2017-05-30,4142.0
2017-05-31,3736.0
2017-06-01,4608.0
2017-06-02,4288.0
2017-06-05,2369.0
2017-06-06,4104.0
2017-06-07,4267.0
2017-06-08,3922.0
2017-06-09,4551.0
2017-06-12,3887.0
2017-06-13,3925.0
2017-06-14,3721.0
2017-06-15,3668.0
2017-06-16,3281.0
2017-06-19,3993.0
2017-06-20,3702.0
2017-06-21,4068.0
2017-06-22,4729.0
2017-06-23,4764.0
2017-06-26,4679.0
2017-06-27,3568.0
2017-06-28,4183.0
2017-06-29,5038.0
2017-06-30,4993.0
2017-07-03,3856.0
2017-07-04,2261.0
2017-07-05,4352.0
2017-07-06,4251.0
2017-07-07,4224.0
2017-07-10,3992.0
2017-07-11,4213.0
2017-07-12,3731.0
2017-07-13,4421.0
2017-07-14,4484.0
2017-07-17,3684.0
2017-07-18,4289.0
2017-07-19,4459.0
2017-07-20,4273.0
2017-07-21,4185.0
2017-07-24,3936.0
2017-07-25,4707.0
2017-07-26,4285.0
2017-07-27,4281.0
2017-07-28,5009.0
2017-07-31,4539.0
2017-08-01,3335.0
2017-08-02,3925.0
2017-08-03,4526.0
2017-08-04,4817.0
2017-08-07,4792.0
2017-08-08,4280.0
2017-08-09,4029.0
2017-08-10,3854.0
2017-08-11,5173.0
2017-08-14,3344.0
2017-08-15,4209.0
2017-08-16,4152.0
2017-08-17,4351.0
2017-08-18,4852.0
2017-08-21,3470.0
2017-08-22,4378.0
2017-08-23,3870.0
2017-08-24,4154.0
2017-08-25,4065.0
2017-08-28,4331.0
2017-08-29,4121.0
2017-08-30,3913.0
2017-08-31,3544.0
2017-09-01,4946.0
2017-09-04,2908.0
2017-09-05,3502.0
2017-09-06,3589.0
2017-09-07,3468.0
2017-09-08,4272.0
2017-09-11,4088.0
2017-09-12,3698.0
2017-09-13,3753.0
2017-09-14,3755.0
2017-09-15,4289.0
2017-09-18,4315.0
2017-09-19,4218.0
2017-09-20,4169.0
2017-09-21,3289.0
2017-09-22,4526.0
2017-09-25,3811.0
2017-09-26,3631.0
2017-09-27,3644.0
2017-09-28,3070.0
2017-09-29,4505.0
2017-10-02,3830.0
2017-10-03,3765.0
2017-10-04,3478.0
2017-10-05,3431.0
2017-10-06,4009.0
2017-10-09,3837.0
2017-10-10,3415.0
2017-10-11,3463.0
2017-10-12,2725.0
2017-10-13,3466.0
2017-10-16,3833.0
2017-10-17,3691.0
2017-10-18,3322.0
2017-10-19,3661.0
2017-10-20,4256.0
2017-10-23,4001.0
2017-10-24,3737.0
2017-10-25,3678.0
2017-10-26,3588.0
2017-10-27,4032.0
2017-10-30,4077.0
2017-10-31,1975.0
2017-11-01,3270.0
2017-11-02,4027.0
2017-11-03,4009.0
2017-11-06,3903.0
2017-11-07,3133.0
2017-11-08,3616.0
2017-11-09,3297.0
2017-11-10,4247.0
2017-11-13,3462.0
2017-11-14,3424.0
2017-11-15,2869.0
2017-11-16,2715.0
2017-11-17,3552.0
2017-11-20,4704.0
2017-11-21,2997.0
2017-11-22,4464.0
2017-11-23,2166.0
2017-11-24,3002.0
2017-11-27,3143.0
2017-11-28,3406.0
2017-11-29,3458.0
2017-11-30,3702.0
2017-12-01,3914.0
2017-12-04,3532.0
2017-12-05,3194.0
2017-12-06,3568.0
2017-12-07,3720.0
2017-12-08,3714.0
2017-12-11,4110.0
2017-12-12,3095.0
2017-12-13,2838.0
2017-12-14,3595.0
2017-12-15,2473.0
2017-12-18,3713.0
2017-12-19,3581.0
2017-12-20,3699.0
2017-12-21,3873.0
2017-12-22,4263.0
2017-12-25,1608.0
2017-12-26,3423.0
2017-12-27,4023.0
2017-12-28,3932.0
2017-12-29,3873.0
2018-01-01,1820.0
2018-01-02,4225.0
2018-01-03,4339.0
2018-01-04,4659.0
2018-01-05,4705.0
2018-01-08,3099.0
2018-01-09,3599.0
2018-01-10,2530.0
2018-01-11,3541.0
2018-01-12,3414.0
2018-01-15,3578.0
2018-01-16,2932.0
2018-01-17,3235.0
2018-01-18,3318.0
2018-01-19,3856.0
2018-01-22,3841.0
2018-01-23,2118.0
2018-01-24,4150.0
2018-01-25,3914.0
2018-01-26,4462.0
2018-01-29,4493.0
2018-01-30,3734.0
2018-01-31,3573.0
2018-02-01,3923.0
2018-02-02,4244.0
2018-02-05,2489.0
2018-02-06,3747.0
2018-02-07,3454.0
2018-02-08,3415.0
2018-02-09,3728.0
2018-02-12,3651.0
2018-02-13,3472.0
2018-02-14,4075.0
2018-02-15,4104.0
2018-02-16,4399.0
2018-02-19,3455.0
2018-02-20,3999.0
2018-02-21,4094.0
2018-02-22,3802.0
2018-02-23,4553.0
2018-02-26,3761.0
2018-02-27,3921.0
2018-02-28,3858.0
2018-03-01,2965.0
2018-03-02,4328.0
2018-03-05,4043.0
2018-03-06,4436.0
2018-03-07,2930.0
2018-03-08,4340.0
2018-03-09,4633.0
2018-03-12,4078.0
2018-03-13,3425.0
2018-03-14,3683.0
2018-03-15,4000.0
2018-03-16,3403.0
2018-03-19,4256.0
2018-03-20,3460.0
2018-03-21,2922.0
2018-03-22,3456.0
2018-03-23,3922.0
2018-03-26,3861.0
2018-03-27,4002.0
2018-03-28,4404.0
2018-03-29,4287.0
2018-03-30,4823.0
2018-04-02,4345.0
2018-04-03,4354.0
2018-04-04,4227.0
2018-04-05,4319.0
2018-04-06,3291.0
2018-04-09,4005.0
2018-04-10,4322.0
2018-04-11,4145.0
2018-04-12,4125.0
2018-04-13,4181.0
2018-04-16,4541.0
2018-04-17,4089.0
2018-04-18,4600.0
2018-04-19,3925.0
2018-04-20,4512.0
2018-04-23,3936.0
2018-04-24,4132.0
2018-04-25,3811.0
2018-04-26,4430.0
2018-04-27,4591.0
2018-04-30,4395.0
2018-05-01,4502.0
2018-05-02,4364.0
2018-05-03,4641.0
2018-05-04,3964.0
2018-05-07,4406.0
2018-05-08,4086.0
2018-05-09,3881.0
2018-05-10,4065.0
2018-05-11,4316.0
2018-05-14,4256.0
2018-05-15,4381.0
2018-05-16,3754.0
2018-05-17,4320.0
2018-05-18,4345.0
2018-05-21,3929.0
2018-05-22,3924.0
2018-05-23,3710.0
2018-05-24,3785.0
2018-05-25,4715.0
2018-05-28,2978.0
2018-05-29,3964.0
2018-05-30,4207.0
2018-05-31,4207.0
2018-06-01,4358.0
2018-06-04,3953.0
2018-06-05,4029.0
2018-06-06,4558.0
2018-06-07,4488.0
2018-06-08,4458.0
2018-06-11,4049.0
2018-06-12,3874.0
2018-06-13,3875.0
2018-06-14,4547.0
2018-06-15,4829.0
2018-06-18,4390.0
2018-06-19,4317.0
2018-06-20,4409.0
2018-06-21,5062.0
2018-06-22,3817.0
2018-06-25,3970.0
2018-06-26,4457.0
2018-06-27,4666.0
2018-06-28,4304.0
2018-06-29,4811.0
2018-07-02,4227.0
2018-07-03,4351.0
2018-07-04,2308.0
2018-07-05,4674.0
2018-07-06,4705.0
2018-07-09,4481.0
2018-07-10,4677.0
2018-07-11,3987.0
2018-07-12,4705.0
2018-07-13,4935.0
2018-07-16,4493.0
2018-07-17,4745.0
2018-07-18,4359.0
2018-07-19,4490.0
2018-07-20,5062.0
2018-07-23,4203.0
2018-07-24,4477.0
2018-07-25,3831.0
2018-07-26,5589.0
2018-07-27,5211.0
2018-07-30,4680.0
2018-07-31,4606.0
2018-08-01,3869.0
2018-08-02,4075.0
2018-08-03,5195.0
2018-08-06,3912.0
2018-08-07,5043.0
2018-08-08,4626.0
2018-08-09,3510.0
2018-08-10,5011.0
2018-08-13,4864.0
2018-08-14,4874.0
2018-08-15,4222.0
2018-08-16,4650.0
2018-08-17,4256.0
2018-08-20,4901.0
2018-08-21,4127.0
2018-08-22,3700.0
2018-08-23,3460.0
2018-08-24,5062.0
2018-08-27,4066.0
2018-08-28,3889.0
2018-08-29,4100.0
2018-08-30,4335.0
2018-08-31,4924.0
2018-09-03,3000.0
2018-09-04,3369.0
2018-09-05,3923.0
2018-09-06,3902.0
2018-09-07,4814.0
2018-09-10,4414.0
2018-09-11,3994.0
2018-09-12,2439.0
2018-09-13,5366.0
2018-09-14,3910.0
2018-09-17,4236.0
2018-09-18,4692.0
2018-09-19,4093.0
2018-09-20,4179.0
2018-09-21,4501.0
2018-09-24,4147.0
2018-09-25,4440.0
2018-09-26,4000.0
2018-09-27,3500.0
2018-09-28,3962.0
2018-10-01,3457.0
2018-10-02,3086.0
2018-10-03,3572.0
2018-10-04,3642.0
2018-10-05,3924.0
2018-10-08,3860.0
2018-10-09,3642.0
2018-10-10,3563.0
2018-10-11,4096.0
2018-10-12,4241.0
2018-10-15,3843.0
2018-10-16,4020.0
2018-10-17,3710.0
2018-10-18,4254.0
2018-10-19,4068.0
2018-10-22,3687.0
2018-10-23,3318.0
2018-10-24,3312.0
2018-10-25,3848.0
2018-10-26,3414.0
2018-10-29,4171.0
2018-10-30,3585.0
2018-10-31,3790.0
2018-11-01,3441.0
2018-11-02,2874.0
2018-11-05,4206.0
2018-11-06,2964.0
2018-11-07,3588.0
2018-11-08,4135.0
2018-11-09,3720.0
2018-11-12,4408.0
2018-11-13,3964.0
2018-11-14,3632.0
2018-11-15,3808.0
2018-11-16,3281.0
2018-11-19,4499.0
2018-11-20,3909.0
2018-11-21,4044.0
2018-11-22,2038.0
2018-11-23,2831.0
2018-11-26,4100.0
2018-11-27,3464.0
2018-11-28,3851.0
2018-11-29,2616.0
2018-11-30,3816.0
2018-12-03,4262.0
2018-12-04,3220.0
2018-12-05,3513.0
2018-12-06,4076.0
2018-12-07,3254.0
2018-12-10,4002.0
2018-12-11,3093.0
2018-12-12,3712.0
2018-12-13,3731.0
2018-12-14,3786.0
2018-12-17,3863.0
2018-12-18,3323.0
2018-12-19,3007.0
2018-12-20,4083.0
2018-12-21,3602.0
2018-12-24,2954.0
2018-12-25,1461.0
2018-12-26,3973.0
2018-12-27,4296.0
2018-12-28,3288.0
2018-12-31,2965.0
2019-01-01,1752.0
2019-01-02,3932.0
2019-01-03,4652.0
2019-01-04,4526.0
2019-01-07,4208.0
2019-01-08,3779.0
2019-01-09,4254.0
2019-01-10,4174.0
2019-01-11,4637.0
2019-01-14,3859.0
2019-01-15,2894.0
2019-01-16,3510.0
2019-01-17,3428.0
2019-01-18,4408.0
2019-01-21,3642.0
2019-01-22,3681.0
2019-01-23,4271.0
2019-01-24,3469.0
2019-01-25,3880.0
2019-01-28,4160.0
2019-01-29,3829.0
2019-01-30,3939.0
2019-01-31,3111.0
2019-02-01,4317.0
2019-02-04,2978.0
2019-02-05,3252.0
2019-02-06,3689.0
2019-02-07,3878.0
2019-02-08,4429.0
2019-02-11,4177.0
2019-02-12,3369.0
2019-02-13,2949.0
2019-02-14,3446.0
2019-02-15,4748.0
2019-02-18,3676.0
2019-02-19,3381.0
2019-02-20,3585.0
2019-02-21,4384.0
2019-02-22,4009.0
2019-02-25,3541.0
2019-02-26,3072.0
2019-02-27,3782.0
2019-02-28,3776.0
2019-03-01,3978.0
2019-03-04,3512.0
2019-03-05,3154.0
2019-03-06,3638.0
2019-03-07,4100.0
2019-03-08,4019.0
2019-03-11,3361.0
2019-03-12,3522.0
2019-03-13,3390.0
2019-03-14,3748.0
2019-03-15,4777.0
2019-03-18,3128.0
2019-03-19,3103.0
2019-03-20,3110.0
2019-03-21,4118.0
2019-03-22,3257.0
2019-03-25,3737.0
2019-03-26,3746.0
2019-03-27,3481.0
2019-03-28,3878.0
2019-03-29,4207.0
2019-04-01,3876.0
2019-04-02,3214.0
2019-04-03,3977.0
2019-04-04,2701.0
2019-04-05,4036.0
2019-04-08,3393.0
2019-04-09,3243.0
2019-04-10,3673.0
2019-04-11,4353.0
2019-04-12,3262.0
2019-04-15,3470.0
2019-04-16,3656.0
2019-04-17,3399.0
2019-04-18,4111.0
2019-04-19,4866.0
2019-04-22,4629.0
2019-04-23,3750.0
2019-04-24,3812.0
2019-04-25,3458.0
2019-04-26,4812.0
2019-04-29,3249.0
2019-04-30,3449.0
2019-05-01,4777.0
2019-05-02,3507.0
2019-05-03,4351.0
2019-05-06,4245.0
2019-05-07,3410.0
2019-05-08,3822.0
2019-05-09,3939.0
2019-05-10,4111.0
2019-05-13,4169.0
2019-05-14,4138.0
2019-05-15,3540.0
2019-05-16,3743.0
2019-05-17,3754.0
2019-05-20,4236.0
2019-05-21,4734.0
2019-05-22,3179.0
2019-05-23,3863.0
2019-05-24,4686.0
2019-05-27,2980.0
2019-05-28,3698.0
2019-05-29,1646.0
2019-05-30,5223.0
2019-05-31,4260.0
2019-06-03,4490.0
2019-06-04,3483.0
2019-06-05,3478.0
2019-06-06,3894.0
2019-06-07,4571.0
2019-06-10,4536.0
2019-06-11,3420.0
2019-06-12,4480.0
2019-06-13,3684.0
2019-06-14,4431.0
2019-06-17,3924.0
2019-06-18,4050.0
2019-06-19,3764.0
2019-06-20,3760.0
2019-06-21,3828.0
2019-06-24,3938.0
2019-06-25,3891.0
2019-06-26,3628.0
2019-06-27,3482.0
2019-06-28,4686.0
2019-07-01,4190.0
2019-07-02,4374.0
2019-07-03,4645.0
2019-07-04,2602.0
2019-07-05,4160.0
2019-07-08,3227.0
2019-07-09,3348.0
2019-07-10,3965.0
2019-07-11,4007.0
2019-07-12,4108.0
2019-07-15,4153.0
2019-07-16,3764.0
2019-07-17,3223.0
2019-07-18,4112.0
2019-07-19,4703.0
2019-07-22,4371.0
2019-07-23,3917.0
2019-07-24,3619.0
2019-07-25,3367.0
2019-07-26,4166.0
2019-07-29,4593.0
2019-07-30,4545.0
2019-07-31,4808.0
2019-08-01,4308.0
2019-08-02,4817.0
2019-08-05,4531.0
2019-08-06,4459.0
2019-08-07,3948.0
2019-08-08,3567.0
2019-08-09,5075.0
2019-08-12,4230.0
2019-08-13,3972.0
2019-08-14,3614.0
2019-08-15,3992.0
2019-08-16,3864.0
2019-08-19,3754.0
2019-08-20,4028.0
2019-08-21,3477.0
2019-08-22,4554.0
2019-08-23,4254.0
2019-08-26,4354.0
2019-08-27,3519.0
2019-08-28,4235.0
2019-08-29,4618.0
2019-08-30,4814.0
2019-09-02,3039.0
2019-09-03,3105.0
2019-09-04,4031.0
2019-09-05,4319.0
2019-09-06,3958.0
2019-09-09,4292.0
2019-09-10,3671.0
2019-09-11,3728.0
2019-09-12,3580.0
2019-09-13,4147.0
2019-09-16,3370.0
2019-09-17,3677.0
2019-09-18,3559.0
2019-09-19,3897.0
2019-09-20,3866.0
2019-09-23,3807.0
2019-09-24,3820.0
2019-09-25,3188.0
2019-09-26,3793.0
2019-09-27,3942.0
2019-09-30,4015.0
2019-10-01,3427.0
2019-10-02,3550.0
2019-10-03,3567.0
2019-10-04,3046.0
2019-10-07,3265.0
2019-10-08,2509.0
2019-10-09,4802.0
2019-10-10,3399.0
2019-10-11,4469.0
2019-10-14,3927.0
2019-10-15,3045.0
2019-10-16,2957.0
2019-10-17,3397.0
2019-10-18,4097.0
2019-10-21,2649.0
2019-10-22,2169.0
2019-10-23,3256.0
2019-10-24,3351.0
2019-10-25,4137.0
2019-10-28,3197.0
2019-10-29,3357.0
2019-10-30,3119.0
2019-10-31,3026.0
2019-11-01,3660.0
2019-11-04,3272.0
2019-11-05,4296.0
2019-11-06,3269.0
2019-11-07,3659.0
2019-11-08,4378.0
2019-11-11,4697.0
2019-11-12,3968.0
2019-11-13,3874.0
2019-11-14,3941.0
2019-11-15,3693.0
2019-11-18,3363.0
2019-11-19,3358.0
2019-11-20,3786.0
2019-11-21,3420.0
2019-11-22,4336.0
2019-11-25,3862.0
2019-11-26,3670.0
2019-11-27,3646.0
2019-11-28,2058.0
2019-11-29,2256.0
2019-12-02,3395.0
2019-12-03,3434.0
2019-12-04,3255.0
2019-12-05,3848.0
2019-12-06,3712.0
2019-12-09,3288.0
2019-12-10,2912.0
2019-12-11,3038.0
2019-12-12,3404.0
2019-12-13,4646.0
2019-12-16,3330.0
2019-12-17,3735.0
2019-12-18,2317.0
2019-12-19,2276.0
2019-12-20,3837.0
2019-12-23,4351.0
2019-12-24,3214.0
2019-12-25,1582.0
2019-12-26,3878.0
2019-12-27,4151.0
2019-12-30,4102.0
2019-12-31,3597.0
